{
  "rotated_test": {
    "angle_range_rad": [
      -0.2617993877991494,
      0.2617993877991494
    ],
    "old_mse_vs_target": 0.17108628577146626,
    "new_mse_vs_target": 0.02242262750960576
  }
}